snapshot_month,advisor_id,advisor_name,team,region,active_clients,active_accounts,beginning_aum,net_new_assets,market_change,ending_aum,aum_growth_rate,asset_retention_rate
2024-02-01,3,Advisor 03,Acquisition,Southeast,1,1,81976.0,39.21,3165.76,85180.98,0.039096564848248215,1.0
2024-02-01,4,Advisor 04,Relationship Growth,West,1,1,1401407.62,1426.69,49311.13,1452145.45,0.03620490517955071,1.0
2024-02-01,7,Advisor 07,Retirement Specialists,Midwest,1,1,277000.43,393.97,-9111.17,268283.23,-0.0314699872487563,1.0
2024-02-01,17,Advisor 17,High Value,Southeast,1,1,110658.76,2833.93,-417.22,113075.47,0.0218393012898392,1.0
2024-02-01,22,Advisor 22,Acquisition,Northeast,1,1,156372.42,-642.17,-4120.67,151609.58,-0.03045831227783023,0.9958933295270356
2024-03-01,2,Advisor 02,Acquisition,West,1,1,92624.83,1012.08,-2433.78,91203.13,-0.015349016025184577,1.0
2024-03-01,3,Advisor 03,Acquisition,Southeast,2,4,1105537.16,-17928.050000000003,-2083.13,1085525.97,-0.018100875053354105,0.9837834035357075
2024-03-01,4,Advisor 04,Relationship Growth,West,1,2,2802471.75,41545.8,-68316.66,2775700.9,-0.009552585142026889,0.9922051524694228
2024-03-01,7,Advisor 07,Retirement Specialists,Midwest,1,1,268283.23,11413.82,-1412.58,278284.47,0.0372786625537496,1.0
2024-03-01,9,Advisor 09,Retirement Specialists,Southeast,1,2,855798.4299999999,13647.039999999999,27897.36,897342.8300000001,0.04854460880466928,1.0
2024-03-01,10,Advisor 10,Retirement Specialists,Northeast,1,1,988785.18,40430.72,6152.67,1035368.57,0.04711173968040246,1.0
2024-03-01,14,Advisor 14,Relationship Growth,Midwest,2,3,1057222.38,9052.630000000001,10903.73,1077178.75,0.01887622734584952,0.997300501716583
2024-03-01,15,Advisor 15,Acquisition,Midwest,2,3,662392.5800000001,10643.81,5630.07,678666.44,0.024568300568825616,1.0
2024-03-01,17,Advisor 17,High Value,Southeast,2,3,179389.36,138.95999999999992,5030.66,184558.97999999998,0.02881787414816573,0.9956355271014958
2024-03-01,19,Advisor 19,Relationship Growth,West,2,2,377831.32999999996,1757.38,2551.45,382140.16000000003,0.01140410987093123,1.0
2024-03-01,22,Advisor 22,Acquisition,Northeast,1,1,151609.58,-3112.76,6681.26,155178.09,0.023537496772961245,0.9794685797559758
2024-03-01,23,Advisor 23,Retirement Specialists,Northeast,1,1,29841.18,652.82,585.61,31079.62,0.041501039838236914,1.0
2024-04-01,2,Advisor 02,Acquisition,West,1,2,197102.40000000002,-974.4300000000001,5808.450000000001,201936.4,0.024525322877854205,0.9903046842656406
2024-04-01,3,Advisor 03,Acquisition,Southeast,2,4,1085525.97,-5668.04,10768.0,1090625.9,0.004698118829897672,0.9914876011672019
2024-04-01,4,Advisor 04,Relationship Growth,West,1,2,2775700.9,69616.95999999999,8252.69,2853570.54,0.02805404573670028,1.0
2024-04-01,5,Advisor 05,Relationship Growth,West,1,1,2129671.07,77642.01,-48766.96,2158546.13,0.013558459992603486,1.0
2024-04-01,7,Advisor 07,Retirement Specialists,Midwest,1,1,278284.47,6706.13,5014.63,290005.23,0.042117909059028735,1.0
2024-04-01,8,Advisor 08,Acquisition,West,3,4,2459789.92,-4328.03,71380.66,2526842.54,0.027259490517791907,0.9959271521854192
2024-04-01,9,Advisor 09,Retirement Specialists,Southeast,1,2,897342.8300000001,8203.27,12683.66,918229.76,0.02327642156565728,0.9984677985335884
2024-04-01,10,Advisor 10,Retirement Specialists,Northeast,1,1,1035368.57,-11314.88,19196.22,1043249.91,0.007612110535671451,0.9890716404497386
2024-04-01,12,Advisor 12,Retirement Specialists,Northeast,1,1,30568.5,697.01,428.22,31693.74,0.036810442121792096,1.0
2024-04-01,14,Advisor 14,Relationship Growth,Midwest,3,4,1664101.16,14778.33,-11042.779999999999,1667836.7,0.0022447793979063374,0.9999126495410892
2024-04-01,15,Advisor 15,Acquisition,Midwest,3,5,766170.33,-2004.23,120.55000000000018,764286.66,-0.0024585525257809523,0.989717456169309
2024-04-01,16,Advisor 16,Retirement Specialists,Southeast,1,2,69675.12,1426.88,827.47,71929.47,0.03235516494266542,0.998904486996219
2024-04-01,17,Advisor 17,High Value,Southeast,2,3,184558.97999999998,1938.11,1230.88,187727.96000000002,0.017170554366956515,0.9972707911584687
2024-04-01,19,Advisor 19,Relationship Growth,West,3,4,895112.97,16611.11,19978.350000000002,931702.42,0.040876907414267576,1.0
2024-04-01,22,Advisor 22,Acquisition,Northeast,2,2,310179.88,6034.84,3179.07,319393.78,0.029705021486242187,1.0
2024-04-01,23,Advisor 23,Retirement Specialists,Northeast,2,2,65616.77,1606.1,827.7,68050.56,0.03709097537108263,1.0
2024-04-01,24,Advisor 24,Retirement Specialists,Southeast,2,3,2043267.55,37875.869999999995,-13563.600000000002,2067579.82,0.011898720752453597,0.9979430398138511
2024-05-01,1,Advisor 01,Acquisition,Midwest,1,1,558219.6,9498.82,1266.34,568984.76,0.019284811927062457,1.0
2024-05-01,2,Advisor 02,Acquisition,West,1,2,201936.4,-714.06,7236.94,208459.28,0.03230165537268172,0.9895749849952757
2024-05-01,3,Advisor 03,Acquisition,Southeast,2,4,1090625.9,-7110.3,14866.630000000001,1098382.25,0.007111833672756253,0.9913211212020547
2024-05-01,4,Advisor 04,Relationship Growth,West,1,2,2853570.54,123102.84,63898.21,3040571.6,0.06553230676400243,1.0
2024-05-01,5,Advisor 05,Relationship Growth,West,1,1,2158546.13,92196.59,37976.51,2288719.22,0.060305910626983136,1.0
2024-05-01,6,Advisor 06,Retirement Specialists,Northeast,4,5,1158823.45,26623.35,22610.780000000002,1208057.58,0.0424863079876405,1.0
2024-05-01,7,Advisor 07,Retirement Specialists,Midwest,2,2,377089.0,-3342.2699999999995,12753.07,386499.81,0.02495646916245236,0.984744794995346
2024-05-01,8,Advisor 08,Acquisition,West,3,4,2526842.54,61129.33,-70662.51999999999,2517309.33,-0.0037727756475082782,0.9995425951630528
2024-05-01,9,Advisor 09,Retirement Specialists,Southeast,2,4,945024.03,-5786.82,19807.46,959044.67,0.014836278819280409,0.9924568055692722
2024-05-01,10,Advisor 10,Retirement Specialists,Northeast,2,2,3777658.2600000002,-34354.01,-107207.14,3636097.1100000003,-0.03747325466120906,0.9909060037632944
2024-05-01,12,Advisor 12,Retirement Specialists,Northeast,2,2,2042779.67,19279.8,57125.39,2119184.86,0.037402560404372905,0.9999869687365746
2024-05-01,14,Advisor 14,Relationship Growth,Midwest,3,4,1667836.7,32705.67,31544.41,1732086.77,0.03852299808488449,0.9934615181450318
2024-05-01,15,Advisor 15,Acquisition,Midwest,4,6,818099.86,13955.51,14891.210000000001,846946.58,0.03526063431914042,0.997504950068076
2024-05-01,16,Advisor 16,Retirement Specialists,Southeast,3,4,529262.02,-1026.8899999999996,-2156.110000000001,526079.01,-0.006014053303881524,0.9905713430939178
2024-05-01,17,Advisor 17,High Value,Southeast,2,3,187727.96000000002,2713.4,5079.4,195520.78,0.04151123785716298,1.0
2024-05-01,19,Advisor 19,Relationship Growth,West,3,4,931702.42,21780.15,19117.32,972599.9,0.043895431762429014,1.0
2024-05-01,21,Advisor 21,High Value,West,1,1,213954.36,6077.36,-817.73,219214.0,0.024582999850996327,1.0
2024-05-01,22,Advisor 22,Acquisition,Northeast,2,2,319393.78,1912.4099999999999,6173.68,327479.87,0.025316992710377663,0.9965597013191678
2024-05-01,23,Advisor 23,Retirement Specialists,Northeast,4,5,131219.06,445.9299999999999,-916.7699999999999,130748.24,-0.0035880458220017156,0.9922028095613549
2024-05-01,24,Advisor 24,Retirement Specialists,Southeast,2,4,2206439.25,34656.54,10381.89,2251477.6999999997,0.020412277383118398,1.0
2024-06-01,1,Advisor 01,Acquisition,Midwest,1,1,568984.76,6099.32,12241.4,587325.49,0.032234132246353984,1.0
2024-06-01,2,Advisor 02,Acquisition,West,2,3,326886.51,6896.5599999999995,722.78,334505.83999999997,0.023308793011984366,1.0
2024-06-01,3,Advisor 03,Acquisition,Southeast,4,8,1339815.83,24441.83,-2135.2099999999987,1362122.45,0.01664901958950573,0.9976301071170356
2024-06-01,4,Advisor 04,Relationship Growth,West,1,2,3040571.6,130594.83000000002,-33143.99,3138022.45,0.032050174381685365,1.0
2024-06-01,5,Advisor 05,Relationship Growth,West,2,2,2346362.85,90489.25,-71330.58,2365521.5300000003,0.008165267362633262,1.0
2024-06-01,6,Advisor 06,Retirement Specialists,Northeast,4,7,2021374.43,29234.69,31464.35,2082073.47,0.03002859791790284,0.9988129611395153
2024-06-01,7,Advisor 07,Retirement Specialists,Midwest,2,2,386499.81,14586.54,-6918.66,394167.67,0.019839233556156174,1.0
2024-06-01,8,Advisor 08,Acquisition,West,3,4,2517309.33,32130.69,-32840.79,2516599.2199999997,-0.00028209087835873365,1.0
2024-06-01,9,Advisor 09,Retirement Specialists,Southeast,2,4,959044.67,17815.37,-30419.44,946440.6,-0.013142317969401848,1.0
2024-06-01,10,Advisor 10,Retirement Specialists,Northeast,4,6,3968277.2800000003,-29569.300000000003,-41087.08,3897620.9299999997,-0.01780529560172281,0.9899103194724337
2024-06-01,12,Advisor 12,Retirement Specialists,Northeast,2,2,2119184.86,-12708.8,-6715.64,2099760.4099999997,-0.009166000742379873,0.9938961247580826
2024-06-01,14,Advisor 14,Relationship Growth,Midwest,3,4,1732086.77,1789.12,23941.54,1757817.4300000002,0.014855295038134925,0.9917629473031538
2024-06-01,15,Advisor 15,Acquisition,Midwest,4,6,846946.58,23601.28,3943.709999999999,874491.5599999999,0.032522688739117386,1.0
2024-06-01,16,Advisor 16,Retirement Specialists,Southeast,3,4,526079.01,9535.02,-1865.7000000000003,533748.34,0.014578285493656092,1.0
2024-06-01,17,Advisor 17,High Value,Southeast,2,3,195520.78,-1680.79,-1282.8700000000001,192557.13,-0.015157723900242184,0.9889495121694993
2024-06-01,19,Advisor 19,Relationship Growth,West,4,5,1211617.6400000001,12735.65,-10169.56,1214183.73,0.0021179041269156914,0.9956617914542744
2024-06-01,21,Advisor 21,High Value,West,3,3,643540.13,8918.880000000001,323.89,652782.89,0.014362367736103745,0.9989880195971618
2024-06-01,22,Advisor 22,Acquisition,Northeast,3,3,555161.29,9483.11,-716.8499999999999,563927.54,0.015790456139332047,0.9986038471810598
2024-06-01,23,Advisor 23,Retirement Specialists,Northeast,4,5,130748.24,1007.37,611.28,132366.89,0.012379898956957345,0.9938522308216157
2024-06-01,24,Advisor 24,Retirement Specialists,Southeast,3,5,2460528.4899999998,64874.03,-6684.87,2518717.65,0.02364904947717153,0.9988993421490518
2024-07-01,1,Advisor 01,Acquisition,Midwest,2,3,826376.26,21312.100000000002,-110.14999999999992,847578.1900000001,0.025656509057992605,1.0
2024-07-01,2,Advisor 02,Acquisition,West,3,4,402913.70999999996,-1393.7900000000004,7587.9,409107.82999999996,0.015373316534699194,0.9911139534070459
2024-07-01,3,Advisor 03,Acquisition,Southeast,4,8,1362122.45,-3234.97,4192.9,1363080.4000000001,0.0007032774476334241,0.9887816913963939
2024-07-01,4,Advisor 04,Relationship Growth,West,1,2,3138022.45,36628.4,-63642.97,3111007.88,-0.008608787996402096,0.991944640166612
2024-07-01,5,Advisor 05,Relationship Growth,West,2,2,2365521.5300000003,-16322.630000000001,-37966.990000000005,2311231.9099999997,-0.022950380840541566,0.9930997753379146
2024-07-01,6,Advisor 06,Retirement Specialists,Northeast,4,7,2082073.47,44924.479999999996,18478.82,2145476.81,0.030452018583186732,0.999658254134519
2024-07-01,7,Advisor 07,Retirement Specialists,Midwest,3,3,454029.46,5034.9,-7948.05,451116.31,-0.006416213608694077,1.0
2024-07-01,8,Advisor 08,Acquisition,West,5,6,2816140.17,74933.14,79278.37999999999,2970351.68,0.054759884341978704,0.9978203357683009
2024-07-01,9,Advisor 09,Retirement Specialists,Southeast,2,4,946440.6,1216.79,5959.49,953616.87,0.007582377594536856,0.9903532244918487
2024-07-01,10,Advisor 10,Retirement Specialists,Northeast,4,6,3897620.9299999997,111593.01000000001,-92535.09999999999,3916678.83,0.004889623783911786,0.9994857837547583
2024-07-01,11,Advisor 11,High Value,Midwest,1,2,35847.32,755.6800000000001,1238.3400000000001,37841.33,0.05562507880644919,1.0
2024-07-01,12,Advisor 12,Retirement Specialists,Northeast,2,2,2099760.4099999997,16542.25,-56887.64,2059415.03,-0.019214277880398582,0.9997649303236459
2024-07-01,14,Advisor 14,Relationship Growth,Midwest,3,4,1757817.4300000002,26873.579999999998,-39512.39,1745178.6400000001,-0.007190047034634328,0.9990892853986548
2024-07-01,15,Advisor 15,Acquisition,Midwest,4,6,874491.5599999999,17002.77,1181.6000000000004,892675.9299999999,0.020794220129465853,0.9976844602136583
2024-07-01,16,Advisor 16,Retirement Specialists,Southeast,5,6,794806.35,1076.1300000000006,15266.14,811148.6,0.020561297729943903,0.9892628562919761
2024-07-01,17,Advisor 17,High Value,Southeast,3,4,371392.63,8384.3,-9960.48,369816.45,-0.00424397220806453,0.9995850213828961
2024-07-01,18,Advisor 18,Retirement Specialists,West,1,2,251192.1,2619.39,5661.02,259472.5,0.03296441249545664,0.9908419094390309
2024-07-01,19,Advisor 19,Relationship Growth,West,6,7,1583463.1400000001,1366.0700000000002,17226.47,1602055.6600000001,0.011741681590390551,0.9955169275364376
2024-07-01,20,Advisor 20,Relationship Growth,Southeast,2,3,197955.09000000003,5404.58,985.4799999999999,204345.15,0.03228035207379597,1.0
2024-07-01,21,Advisor 21,High Value,West,3,5,1091919.92,10443.92,19237.18,1121601.01,0.027182478729758944,0.9910131413299978
2024-07-01,22,Advisor 22,Acquisition,Northeast,5,6,695976.79,6596.63,2083.1899999999996,704656.61,0.012471421640368133,0.9964491200920651
2024-07-01,23,Advisor 23,Retirement Specialists,Northeast,5,6,205296.62,5151.28,1494.2399999999998,211942.12,0.03237023580807127,1.0
2024-07-01,24,Advisor 24,Retirement Specialists,Southeast,5,8,6252579.93,162178.92,-54007.43,6360751.43,0.01730029863048868,0.9994397624597819
2024-08-01,1,Advisor 01,Acquisition,Midwest,3,4,883437.3300000001,-5046.72,-22527.809999999998,855862.8,-0.031212774311902832,0.9917930794253397
2024-08-01,2,Advisor 02,Acquisition,West,3,4,409107.82999999996,3500.0700000000006,-271.29999999999995,412336.61,0.007892246892463603,0.9920476711482153
2024-08-01,3,Advisor 03,Acquisition,Southeast,5,9,1579589.61,27691.329999999998,-261.04000000000025,1607019.9,0.017365453549672186,0.9998689533036369
2024-08-01,4,Advisor 04,Relationship Growth,West,1,2,3111007.88,18674.690000000002,56172.079999999994,3185854.6500000004,0.024058688658802268,0.9966036344465962
2024-08-01,5,Advisor 05,Relationship Growth,West,3,3,2352668.25,-34217.3,-32920.16,2285530.81,-0.028536722081406906,0.9854559604823162
2024-08-01,6,Advisor 06,Retirement Specialists,Northeast,5,9,2315323.97,67536.0,-11430.970000000001,2371429.0,0.02423204300001256,0.998986668807303
2024-08-01,7,Advisor 07,Retirement Specialists,Midwest,4,4,539349.3300000001,-3238.75,-552.83,535557.77,-0.007029878019872678,0.9868038957237604
2024-08-01,8,Advisor 08,Acquisition,West,5,6,2970351.68,43218.82,-16590.47,2996980.06,0.008964722991992614,0.9987089205544847
2024-08-01,9,Advisor 09,Retirement Specialists,Southeast,2,4,953616.87,17753.04,-16889.1,954480.8,0.000905950835370657,1.0
2024-08-01,10,Advisor 10,Retirement Specialists,Northeast,5,7,4362290.8100000005,18872.690000000002,132730.41999999998,4513893.92,0.0347530957020262,0.9949683707583906
2024-08-01,11,Advisor 11,High Value,Midwest,1,2,37841.33,219.23000000000002,1061.14,39121.71000000001,0.03383549151152997,0.9904538239010098
2024-08-01,12,Advisor 12,Retirement Specialists,Northeast,2,2,2059415.03,99250.28,366.97,2159032.28,0.04837162424710466,1.0
2024-08-01,14,Advisor 14,Relationship Growth,Midwest,3,4,1745178.6400000001,21628.52,6373.580000000002,1773180.73,0.016045400372307932,0.997279407453669
2024-08-01,15,Advisor 15,Acquisition,Midwest,5,7,1006258.96,-598.36,21743.52,1027404.15,0.021013666303155265,0.9908361859456138
2024-08-01,16,Advisor 16,Retirement Specialists,Southeast,5,6,811148.6,-10647.99,5581.339999999999,806081.95,-0.0062462660972354795,0.9868729478174529
2024-08-01,17,Advisor 17,High Value,Southeast,4,5,689378.11,4268.95,11334.43,704981.48,0.022633979486235783,0.999022002598835
2024-08-01,18,Advisor 18,Retirement Specialists,West,1,2,259472.5,1458.0700000000002,-1321.06,259609.52,0.0005280713755792599,0.9989918777519776
2024-08-01,19,Advisor 19,Relationship Growth,West,6,7,1602055.6600000001,38460.05,1112.0899999999992,1641627.81,0.024700858395893626,0.9974754934544534
2024-08-01,20,Advisor 20,Relationship Growth,Southeast,6,7,1263351.42,-5518.6,-6043.24,1251789.5999999999,-0.0091517053900965,0.9925128037612844
2024-08-01,21,Advisor 21,High Value,West,3,5,1121601.01,6087.629999999999,28333.46,1156022.1099999999,0.03068925553125158,0.9920862410778322
2024-08-01,22,Advisor 22,Acquisition,Northeast,6,7,1548388.4000000001,6790.2300000000005,685.4399999999999,1555864.06,0.004828026353077765,0.9965030479432679
2024-08-01,23,Advisor 23,Retirement Specialists,Northeast,5,6,211942.12,5674.74,3487.47,221104.34,0.04322982142483052,0.9974266087363852
2024-08-01,24,Advisor 24,Retirement Specialists,Southeast,7,10,9605569.15,229444.61,71407.28,9906421.02,0.031320566777659306,0.9992874612744836
2024-09-01,1,Advisor 01,Acquisition,Midwest,3,4,855862.8,2448.98,-9658.96,848652.8200000001,-0.00842422406955879,0.9985539387855156
2024-09-01,2,Advisor 02,Acquisition,West,4,5,558142.62,10511.509999999998,5472.73,574126.86,0.02863827170195315,1.0
2024-09-01,3,Advisor 03,Acquisition,Southeast,5,9,1607019.9,18339.07,25685.96,1651044.95,0.02739546037979993,0.9976200419173403
2024-09-01,4,Advisor 04,Relationship Growth,West,2,3,3410498.83,67124.64,117705.53000000001,3595329.0,0.05419446808606585,0.9972366535015055
2024-09-01,5,Advisor 05,Relationship Growth,West,3,3,2285530.81,70520.97,2609.51,2358661.2800000003,0.03199714905615304,0.999622258428448
2024-09-01,6,Advisor 06,Retirement Specialists,Northeast,6,10,2690752.3200000003,55210.520000000004,43657.99,2789620.84,0.03674382040484482,0.9981087965762676
2024-09-01,7,Advisor 07,Retirement Specialists,Midwest,4,4,535557.77,7887.45,-7399.17,536046.05,0.000911722371239293,0.9970108733554552
2024-09-01,8,Advisor 08,Acquisition,West,6,7,4191140.43,40726.34,22257.75,4254124.5200000005,0.015027912104582073,0.9984850734290476
2024-09-01,9,Advisor 09,Retirement Specialists,Southeast,2,4,954480.8,17125.14,-799.0399999999997,970806.9099999999,0.017104702368030734,1.0
2024-09-01,10,Advisor 10,Retirement Specialists,Northeast,5,7,4513893.92,60363.049999999996,-15802.160000000002,4558454.78,0.00987193336612579,0.9998771548446136
2024-09-01,11,Advisor 11,High Value,Midwest,2,3,235262.49,7288.5199999999995,2773.4,245324.41,0.042768908889810754,1.0
2024-09-01,12,Advisor 12,Retirement Specialists,Northeast,3,3,2292081.52,81396.26000000001,-57341.149999999994,2316136.63,0.010494875417869025,1.0
2024-09-01,14,Advisor 14,Relationship Growth,Midwest,3,4,1773180.73,35103.96,-7330.259999999999,1800954.42,0.0156632031524502,1.0
2024-09-01,15,Advisor 15,Acquisition,Midwest,5,8,1172324.3,1609.9200000000005,-18755.34,1155178.88,-0.014625151078076397,0.9934647605615613
2024-09-01,16,Advisor 16,Retirement Specialists,Southeast,5,6,806081.95,-1325.1,-312.02999999999986,804444.8200000001,-0.002030972161081002,0.9931789317450912
2024-09-01,17,Advisor 17,High Value,Southeast,4,5,704981.48,1318.19,3975.7099999999996,710275.39,0.007509289463887807,0.9896414867522477
2024-09-01,18,Advisor 18,Retirement Specialists,West,1,2,259609.52,6330.47,2503.7800000000007,268443.77,0.034028990924523994,1.0
2024-09-01,19,Advisor 19,Relationship Growth,West,6,7,1641627.81,2841.8499999999995,31832.82,1676302.47,0.02112212024478308,0.9950306580149857
2024-09-01,20,Advisor 20,Relationship Growth,Southeast,6,7,1251789.5999999999,23880.87,-5960.99,1269709.48,0.01431540891536415,0.9996292747599117
2024-09-01,21,Advisor 21,High Value,West,6,10,1672454.73,10922.84,3653.9699999999984,1687031.55,0.008715823357443024,0.9973186538806943
2024-09-01,22,Advisor 22,Acquisition,Northeast,6,7,1555864.06,33897.990000000005,20313.989999999998,1610076.06,0.0348436610843752,0.9991245829021849
2024-09-01,23,Advisor 23,Retirement Specialists,Northeast,5,6,221104.34,1849.76,-230.67999999999992,222723.41999999998,0.0073226966055934825,0.9960009830652804
2024-09-01,24,Advisor 24,Retirement Specialists,Southeast,8,11,11948872.219999999,88703.13,-167016.03,11870559.28,-0.0065540026337313605,0.9988052905967054
2024-10-01,1,Advisor 01,Acquisition,Midwest,3,4,848652.8200000001,17247.4,-7480.25,858419.96,0.011508993748468185,1.0
2024-10-01,2,Advisor 02,Acquisition,West,4,5,574126.86,10671.91,6662.42,591461.16,0.030192456071468327,0.997830705917504
2024-10-01,3,Advisor 03,Acquisition,Southeast,5,9,1651044.95,8477.89,-7952.42,1651570.41,0.0003182590516387593,0.992348312503545
2024-10-01,4,Advisor 04,Relationship Growth,West,3,5,3895702.96,133396.30000000002,103748.22,4132847.46,0.060873352623373525,0.9995841366714469
2024-10-01,5,Advisor 05,Relationship Growth,West,3,3,2358661.2800000003,119251.69,85722.65,2563635.62,0.0869028298967963,1.0
2024-10-01,6,Advisor 06,Retirement Specialists,Northeast,6,10,2789620.84,53916.82,19370.74,2862908.38,0.026271505772089098,0.999552799440658
2024-10-01,7,Advisor 07,Retirement Specialists,Midwest,4,4,536046.05,1493.39,9867.56,547406.99,0.02119396272018037,0.993470747522531
2024-10-01,8,Advisor 08,Acquisition,West,7,9,4459582.39,124930.19,52170.88,4636683.45,0.039712476306554015,0.9977898244413868
2024-10-01,9,Advisor 09,Retirement Specialists,Southeast,2,4,970806.9099999999,25720.69,19103.78,1015631.37,0.04617237427780575,1.0
2024-10-01,10,Advisor 10,Retirement Specialists,Northeast,6,8,5120527.51,58564.08,-86203.65000000001,5092887.9399999995,-0.005397797384355875,0.9949015526331974
2024-10-01,11,Advisor 11,High Value,Midwest,3,4,406560.22,2064.71,-124.59999999999977,408500.32999999996,0.004772011388620328,1.0
2024-10-01,12,Advisor 12,Retirement Specialists,Northeast,5,5,6274439.63,-66945.01,80315.99,6287810.600000001,0.0021310221770355405,0.9887516935117917
2024-10-01,13,Advisor 13,Relationship Growth,Southeast,2,2,1525979.72,-3051.1499999999996,-40815.36,1482113.22,-0.028746450182181978,0.9979744750474141
2024-10-01,14,Advisor 14,Relationship Growth,Midwest,3,4,1800954.42,13842.9,298.81999999999994,1815096.13,0.007852341982091898,1.0
2024-10-01,15,Advisor 15,Acquisition,Midwest,5,8,1155178.88,1722.41,17165.29,1174066.57,0.0163504460884882,0.9956376453142911
2024-10-01,16,Advisor 16,Retirement Specialists,Southeast,6,8,979190.39,20269.31,18057.76,1017517.46,0.03914159124866406,0.9974986376244971
2024-10-01,17,Advisor 17,High Value,Southeast,4,5,710275.39,10621.95,-12451.75,708445.6,-0.0025761697867640286,0.9966184806149626
2024-10-01,18,Advisor 18,Retirement Specialists,West,2,3,418773.32,359.3599999999997,269.39999999999986,419402.07999999996,0.0015014328037897713,0.9894296513445507
2024-10-01,19,Advisor 19,Relationship Growth,West,7,9,1767014.4000000001,33239.79,18996.71,1819250.91,0.029562017151642778,0.9992987323702626
2024-10-01,20,Advisor 20,Relationship Growth,Southeast,6,7,1269709.48,7393.08,-8676.560000000001,1268425.99,-0.0010108532859028434,0.9949187273926631
2024-10-01,21,Advisor 21,High Value,West,6,11,1887541.73,31114.82,1051.54,1919708.1099999999,0.017041413966513944,0.9960225621078057
2024-10-01,22,Advisor 22,Acquisition,Northeast,6,7,1610076.06,41730.47,45337.75,1697144.27,0.05407707881825158,0.9997153612730568
2024-10-01,23,Advisor 23,Retirement Specialists,Northeast,5,6,222723.41999999998,5484.54,4513.45,232721.41999999998,0.0448897560930054,0.9994292472699997
2024-10-01,24,Advisor 24,Retirement Specialists,Southeast,9,13,11971432.71,135132.3,23512.57,12130077.6,0.013251955203948076,0.9951909381780253
2024-11-01,1,Advisor 01,Acquisition,Midwest,3,4,858419.96,-7365.94,3788.41,854842.43,-0.004167575506981352,0.9854290317294113
2024-11-01,2,Advisor 02,Acquisition,West,4,5,591461.16,4686.5,-9187.94,586959.73,-0.007610694166291581,0.9918846234975092
2024-11-01,3,Advisor 03,Acquisition,Southeast,5,9,1651570.41,19207.73,13245.359999999999,1684023.5,0.019649837393248094,0.9988938770100634
2024-11-01,4,Advisor 04,Relationship Growth,West,3,5,4132847.46,27187.529999999995,81961.31,4241996.29,0.026410079504845814,0.9914672969807601
2024-11-01,5,Advisor 05,Relationship Growth,West,3,3,2563635.62,-32596.45,-17914.83,2513124.3299999996,-0.01970299117625792,0.9863858343487988
2024-11-01,6,Advisor 06,Retirement Specialists,Northeast,6,10,2862908.38,29511.61,2275.5600000000013,2894695.55,0.011103104179673374,0.9946503178002504
2024-11-01,7,Advisor 07,Retirement Specialists,Midwest,4,4,547406.99,9070.42,9781.35,566258.77,0.034438325312579635,0.9983458742461436
2024-11-01,8,Advisor 08,Acquisition,West,8,11,4761282.0600000005,47708.340000000004,101355.92,4910346.32,0.031307588611963005,0.9948250807892696
2024-11-01,9,Advisor 09,Retirement Specialists,Southeast,2,4,1015631.37,1465.4299999999998,12363.460000000001,1029460.26,0.013616052446272916,0.9994747208330125
2024-11-01,10,Advisor 10,Retirement Specialists,Northeast,6,8,5092887.9399999995,135599.98,10533.819999999998,5239021.76,0.028693704185448917,0.9998326214890171
2024-11-01,11,Advisor 11,High Value,Midwest,3,4,408500.32999999996,11198.33,-85.80999999999959,419612.84,0.027203184878700267,1.0
2024-11-01,12,Advisor 12,Retirement Specialists,Northeast,5,5,6287810.600000001,141015.91999999998,48344.270000000004,6477170.8,0.030115442726598544,0.9993581120271021
2024-11-01,13,Advisor 13,Relationship Growth,Southeast,2,2,1482113.22,-16932.27,32580.969999999998,1497761.9,0.010558356668595085,0.988575589387159
2024-11-01,14,Advisor 14,Relationship Growth,Midwest,3,4,1815096.13,-9838.050000000001,-615.7900000000004,1804642.29,-0.005759386418833834,0.9888699834316764
2024-11-01,15,Advisor 15,Acquisition,Midwest,5,8,1174066.57,19897.3,7554.109999999999,1201517.95,0.02338145101942549,0.9984883054799866
2024-11-01,16,Advisor 16,Retirement Specialists,Southeast,7,10,1133078.11,32991.93,5655.45,1171725.5,0.034108319328488214,0.999864581268806
2024-11-01,17,Advisor 17,High Value,Southeast,4,5,708445.6,5369.69,-1032.3599999999997,712782.91,0.006122290829387685,0.9983166667984105
2024-11-01,18,Advisor 18,Retirement Specialists,West,2,3,419402.07999999996,-313.37999999999965,-7033.37,412055.33999999997,-0.017517175880482024,0.9897170514748044
2024-11-01,19,Advisor 19,Relationship Growth,West,9,12,2945613.27,44838.97,-6426.79,2984025.43,0.01304046270812738,0.9980433650069753
2024-11-01,20,Advisor 20,Relationship Growth,Southeast,6,7,1268425.99,4080.219999999999,37367.51,1309873.73,0.03267651429942711,0.9901455898108805
2024-11-01,21,Advisor 21,High Value,West,6,11,1919708.1099999999,49.21999999999974,28584.660000000003,1948342.01,0.014915757166853946,0.9927787667678291
2024-11-01,22,Advisor 22,Acquisition,Northeast,9,10,2152596.75,22295.13,23524.77,2198416.68,0.021285886453187373,0.9966064382472007
2024-11-01,23,Advisor 23,Retirement Specialists,Northeast,5,6,232721.41999999998,3656.3199999999997,2164.52,238542.24,0.02501196494933731,0.993795500216525
2024-11-01,24,Advisor 24,Retirement Specialists,Southeast,9,13,12130077.6,299867.3,807.0000000000027,12430751.9,0.02478750012283522,0.9995890570395032
2024-12-01,1,Advisor 01,Acquisition,Midwest,3,4,854842.43,-7056.330000000001,-17575.66,830210.43,-0.028814667049224498,0.9836364229136356
2024-12-01,2,Advisor 02,Acquisition,West,5,6,1617244.56,42787.23,7894.370000000001,1667926.1700000002,0.031338247321110235,0.9974758115742247
2024-12-01,3,Advisor 03,Acquisition,Southeast,6,10,4222202.7,63712.66,-10569.630000000001,4275345.75,0.01258657003843037,0.99725489493908
2024-12-01,4,Advisor 04,Relationship Growth,West,3,5,4241996.29,140319.33000000002,27826.68,4410142.319999999,0.03963841986292716,0.9998398560598458
2024-12-01,5,Advisor 05,Relationship Growth,West,4,4,2644177.7699999996,84932.01000000001,10469.070000000002,2739578.85,0.03607967704834027,0.9996190309095595
2024-12-01,6,Advisor 06,Retirement Specialists,Northeast,6,10,2894695.55,34398.08,34829.29,2963922.94,0.02391525768573491,0.9981537402093978
2024-12-01,7,Advisor 07,Retirement Specialists,Midwest,4,4,566258.77,3159.96,-2624.29,566794.43,0.0009459632739993282,0.9978365191588997
2024-12-01,8,Advisor 08,Acquisition,West,8,11,4910346.32,132749.03,35638.920000000006,5078734.3,0.03429248550436245,0.997957736716216
2024-12-01,9,Advisor 09,Retirement Specialists,Southeast,2,4,1029460.26,28951.170000000002,-8.779999999999866,1058402.66,0.028114149836148027,1.0
2024-12-01,10,Advisor 10,Retirement Specialists,Northeast,6,8,5239021.76,6002.870000000002,-31019.19,5214005.4399999995,-0.004774998300446131,0.9963397098010908
2024-12-01,11,Advisor 11,High Value,Midwest,3,4,419612.84,-1955.3000000000002,1002.2999999999998,418659.83,-0.002271165010107911,0.993550626334504
2024-12-01,12,Advisor 12,Retirement Specialists,Northeast,6,7,6507556.61,121137.19,69489.5,6698183.279999999,0.02929312511965977,0.99648498639799
2024-12-01,13,Advisor 13,Relationship Growth,Southeast,3,3,1529153.2699999998,21216.309999999998,34147.75,1584517.35,0.03620571010517495,1.0
2024-12-01,14,Advisor 14,Relationship Growth,Midwest,4,5,2055578.54,6795.2300000000005,47637.880000000005,2110011.65,0.0264806763355293,0.9918609288458519
2024-12-01,15,Advisor 15,Acquisition,Midwest,5,8,1201517.95,5359.34,30179.11,1237056.41,0.02957796843567752,0.9932102637334714
2024-12-01,16,Advisor 16,Retirement Specialists,Southeast,7,10,1171725.5,3151.88,-8739.619999999999,1166137.76,-0.004768813173392565,0.9933780138778238
2024-12-01,17,Advisor 17,High Value,Southeast,4,5,712782.91,2702.19,5860.44,721345.54,0.012012956371246337,0.9956092802505604
2024-12-01,18,Advisor 18,Retirement Specialists,West,2,3,412055.33999999997,5974.69,-1013.99,417016.03,0.012038892640003308,1.0
2024-12-01,19,Advisor 19,Relationship Growth,West,9,12,2984025.43,34534.049999999996,8773.19,3027332.69,0.014513033154680513,0.9978026092089972
2024-12-01,20,Advisor 20,Relationship Growth,Southeast,6,7,1309873.73,-10375.340000000002,27082.98,1326581.3699999999,0.012755153124568654,0.9861333656947223
2024-12-01,21,Advisor 21,High Value,West,7,12,2010562.8699999999,19557.170000000002,-1673.9199999999998,2028446.0899999999,0.008894633570946216,0.9949570539915521
2024-12-01,22,Advisor 22,Acquisition,Northeast,10,11,2236734.69,16229.52,-42144.35,2210819.84,-0.011586018724464856,0.9954496972548854
2024-12-01,23,Advisor 23,Retirement Specialists,Northeast,6,8,333109.63,1344.44,3245.1,337699.15,0.013777806423669044,0.9930037147229878
2024-12-01,24,Advisor 24,Retirement Specialists,Southeast,9,13,12430751.9,250499.1,-55256.96000000001,12625994.01,0.015706379756481134,0.9999480771553328
2025-01-01,1,Advisor 01,Acquisition,Midwest,4,5,2372580.77,21775.32,57995.15,2452351.26,0.03362182270405899,0.9982357439405529
2025-01-01,2,Advisor 02,Acquisition,West,5,6,1667926.1700000002,39686.92,49301.979999999996,1756915.08,0.053353027010781845,0.9975534468650972
2025-01-01,3,Advisor 03,Acquisition,Southeast,6,10,4275345.75,120344.65000000001,4324.669999999999,4400015.07,0.029160055651639472,0.9968451908246251
2025-01-01,4,Advisor 04,Relationship Growth,West,3,5,4410142.319999999,56477.92,42313.03999999999,4508933.28,0.02240085530845202,0.9996756476557428
2025-01-01,5,Advisor 05,Relationship Growth,West,4,4,2739578.85,47770.840000000004,79613.17,2866962.87,0.04649766514294707,0.9999342672688541
2025-01-01,6,Advisor 06,Retirement Specialists,Northeast,7,11,3024432.89,63615.14,-42423.39,3045624.64,0.007006850795092365,0.9996306514177605
2025-01-01,7,Advisor 07,Retirement Specialists,Midwest,4,4,566794.43,2719.4100000000003,9546.460000000001,579060.3,0.021640773710496757,0.9973147760114721
2025-01-01,8,Advisor 08,Acquisition,West,8,11,5078734.3,198019.62,30166.18,5306920.09,0.04492965698166176,0.9994354026356528
2025-01-01,9,Advisor 09,Retirement Specialists,Southeast,2,4,1058402.66,-4022.7100000000005,19981.24,1074361.18,0.015077928847986852,0.9942175315394616
2025-01-01,10,Advisor 10,Retirement Specialists,Northeast,7,9,5509818.819999999,6254.7300000000005,104535.44,5620608.99,0.020107770077274677,0.9926691890750774
2025-01-01,11,Advisor 11,High Value,Midwest,3,4,418659.83,3831.29,-11812.67,410678.44,-0.01906414092797012,0.9998610566483056
2025-01-01,12,Advisor 12,Retirement Specialists,Northeast,6,7,6698183.279999999,280339.39,-94056.60999999999,6884466.069999999,0.027810942491857293,0.9999158159792845
2025-01-01,13,Advisor 13,Relationship Growth,Southeast,3,3,1584517.35,15557.26,21944.329999999998,1622018.93,0.02366750985718133,0.9997045409442818
2025-01-01,14,Advisor 14,Relationship Growth,Midwest,4,5,2110011.65,30426.08,-35043.66,2105394.0500000003,-0.002188423935952973,0.9973423416880186
2025-01-01,15,Advisor 15,Acquisition,Midwest,6,10,1298930.94,24262.0,5445.32,1328638.28,0.022870607732232543,0.9980761332854232
2025-01-01,16,Advisor 16,Retirement Specialists,Southeast,7,10,1166137.76,-7778.99,-7654.4,1150704.3699999999,-0.013234619896023375,0.9894744168133275
2025-01-01,17,Advisor 17,High Value,Southeast,4,5,721345.54,9251.25,-9633.22,720963.5700000001,-0.0005295243109148107,0.9992964675431417
2025-01-01,18,Advisor 18,Retirement Specialists,West,2,3,417016.03,13157.52,4460.13,434633.68000000005,0.04224693712613403,1.0
2025-01-01,19,Advisor 19,Relationship Growth,West,9,12,3027332.69,20773.23,-17719.42,3030386.51,0.001008749388558227,0.9955052577984087
2025-01-01,20,Advisor 20,Relationship Growth,Southeast,6,7,1326581.3699999999,21372.079999999998,22778.29,1370731.73,0.03328130561640565,0.9967918892152089
2025-01-01,21,Advisor 21,High Value,West,7,12,2028446.0899999999,6901.640000000001,-16020.62,2019327.14,-0.004495534806152997,0.9925389291464976
2025-01-01,22,Advisor 22,Acquisition,Northeast,10,11,2210819.84,44369.74,-860.8100000000001,2254328.76,0.019679993463420305,0.999647890802355
2025-01-01,23,Advisor 23,Retirement Specialists,Northeast,6,8,337699.15,1967.89,326.1799999999997,339993.23,0.006793265544198017,0.9947572861820944
2025-01-01,24,Advisor 24,Retirement Specialists,Southeast,10,14,12692304.89,132207.66,27919.04,12852431.61,0.012616047391530855,0.9967871981997433
2025-02-01,1,Advisor 01,Acquisition,Midwest,4,5,2452351.26,91731.12000000001,-77563.74,2466518.62,0.005777051693646992,1.0
2025-02-01,2,Advisor 02,Acquisition,West,5,6,1756915.08,-7908.13,-33384.03,1715622.93,-0.023502644191545182,0.9939044691903948
2025-02-01,3,Advisor 03,Acquisition,Southeast,7,11,6966443.23,74387.35,227671.94,7268502.52,0.043359183449485895,0.9989056998315624
2025-02-01,4,Advisor 04,Relationship Growth,West,3,5,4508933.28,112406.46,97075.31000000001,4718415.04,0.046459272513342614,0.9990456567589752
2025-02-01,5,Advisor 05,Relationship Growth,West,4,4,2866962.87,119744.81999999999,-63025.72,2923681.9499999997,0.019783681398008342,1.0
2025-02-01,6,Advisor 06,Retirement Specialists,Northeast,9,13,4331121.67,84840.25,14939.260000000004,4430901.2,0.023037803507376477,0.9990838308636109
2025-02-01,7,Advisor 07,Retirement Specialists,Midwest,4,4,579060.3,14752.060000000001,5280.879999999999,599093.23,0.034595585295693614,1.0
2025-02-01,8,Advisor 08,Acquisition,West,8,11,5306920.09,24639.07,54816.95,5386376.12,0.014972154969833033,0.9959733801079338
2025-02-01,9,Advisor 09,Retirement Specialists,Southeast,2,4,1074361.18,-3011.11,1336.090000000001,1072686.17,-0.0015590753195308205,0.9962969064090719
2025-02-01,10,Advisor 10,Retirement Specialists,Northeast,8,10,5872716.44,53791.43,87865.17,6014373.02,0.024121133967094643,0.9985177762132851
2025-02-01,11,Advisor 11,High Value,Midwest,3,4,410678.44,321.7900000000003,-753.95,410246.26999999996,-0.0010523318438631498,0.9909302762521451
2025-02-01,12,Advisor 12,Retirement Specialists,Northeast,6,7,6884466.069999999,42525.52000000001,231680.25,7158671.830000001,0.03982963344025917,0.9935553259252246
2025-02-01,13,Advisor 13,Relationship Growth,Southeast,4,4,1974541.68,31632.62,18269.94,2024444.24,0.025272983855169903,1.0
2025-02-01,14,Advisor 14,Relationship Growth,Midwest,4,5,2105394.0500000003,7033.570000000001,16601.31,2129028.94,0.011225874795266787,0.9956332164993057
2025-02-01,15,Advisor 15,Acquisition,Midwest,6,10,1328638.28,29419.73,15912.650000000001,1373970.61,0.034119391773056604,0.9982615659696332
2025-02-01,16,Advisor 16,Retirement Specialists,Southeast,7,10,1150704.3699999999,12525.949999999999,-14155.36,1149074.95,-0.0014160196506422633,0.995254245884197
2025-02-01,17,Advisor 17,High Value,Southeast,4,5,720963.5700000001,13296.13,-5247.67,729012.04,0.011163490549182633,1.0
2025-02-01,18,Advisor 18,Retirement Specialists,West,2,3,434633.68000000005,-2281.5,11355.029999999999,443707.18999999994,0.020876223858215248,0.9947507519435678
2025-02-01,19,Advisor 19,Relationship Growth,West,11,14,3143940.47,43966.1,21466.05,3209372.61,0.020812143430947234,0.997381165426456
2025-02-01,20,Advisor 20,Relationship Growth,Southeast,6,7,1370731.73,-2568.749999999999,15575.36,1383738.35,0.009488815145469866,0.9890079220680184
2025-02-01,21,Advisor 21,High Value,West,7,12,2019327.14,18327.739999999998,1781.36,2039436.22,0.009958307201278974,0.9947990794597056
2025-02-01,22,Advisor 22,Acquisition,Northeast,12,14,2428867.26,-21266.51,61027.729999999996,2468628.5,0.016370281182019074,0.9863595921664323
2025-02-01,23,Advisor 23,Retirement Specialists,Northeast,6,8,339993.23,7678.34,1453.0699999999995,349124.67,0.026857711255015293,0.9970064109805951
2025-02-01,24,Advisor 24,Retirement Specialists,Southeast,11,16,12977626.97,110946.11,10401.580000000002,13098974.629999999,0.00935052766430366,0.9959074628880321
2025-03-01,1,Advisor 01,Acquisition,Midwest,5,6,2505861.15,26783.64,-21266.420000000002,2511378.36,0.0022017221504870544,0.9997403447513442
2025-03-01,2,Advisor 02,Acquisition,West,5,6,1715622.93,24255.73,20158.14,1760036.8,0.025887897173302594,0.9999068385032601
2025-03-01,3,Advisor 03,Acquisition,Southeast,7,11,7268502.52,49421.81,-20311.510000000002,7297612.79,0.004004988636916712,0.9944346872153248
2025-03-01,4,Advisor 04,Relationship Growth,West,3,5,4718415.04,9615.73,87765.67,4815796.46,0.02063858714726374,0.998634891177356
2025-03-01,5,Advisor 05,Relationship Growth,West,4,4,2923681.9499999997,-23198.09,94566.65000000001,2995050.5,0.024410504022162972,0.9904241601929376
2025-03-01,6,Advisor 06,Retirement Specialists,Northeast,9,13,4430901.2,66336.15,-21.85000000000076,4497215.51,0.014966325586316298,0.9962510854451009
2025-03-01,7,Advisor 07,Retirement Specialists,Midwest,4,4,599093.23,-1298.0600000000004,15258.960000000001,613054.12,0.02330336799165635,0.9893838726903991
2025-03-01,8,Advisor 08,Acquisition,West,8,11,5386376.12,35443.08,57333.41,5479152.61,0.01722428733773612,0.9968839569264984
2025-03-01,9,Advisor 09,Retirement Specialists,Southeast,3,5,1144604.85,11468.69,-12628.33,1143445.23,-0.0010131181953318752,0.9969007819598178
2025-03-01,10,Advisor 10,Retirement Specialists,Northeast,8,10,6014373.02,97963.62,-113626.34999999999,5998710.32,-0.0026042116024255603,0.9986206359378753
2025-03-01,11,Advisor 11,High Value,Midwest,4,5,464194.45,12384.98,7563.92,484143.33999999997,0.0429752876192293,0.9981009036191621
2025-03-01,12,Advisor 12,Retirement Specialists,Northeast,6,7,7158671.830000001,44001.61,107917.71,7310591.16,0.02122172011899575,0.9943624626245788
2025-03-01,13,Advisor 13,Relationship Growth,Southeast,5,5,2125382.97,8444.72,58131.43,2191959.12,0.03132430763760185,0.9990812338164167
2025-03-01,14,Advisor 14,Relationship Growth,Midwest,4,5,2129028.94,-6477.710000000001,26.05000000000109,2122577.29,-0.0030303251772612855,0.989762252832505
2025-03-01,15,Advisor 15,Acquisition,Midwest,6,10,1373970.61,19925.960000000003,4709.969999999999,1398606.56,0.01793047814901947,0.9974528858372014
2025-03-01,16,Advisor 16,Retirement Specialists,Southeast,7,10,1149074.95,-778.7399999999996,-7725.66,1140570.57,-0.007401066396930756,0.9888283179439252
2025-03-01,17,Advisor 17,High Value,Southeast,4,5,729012.04,-6966.209999999999,-3421.41,718624.4,-0.01424892790522364,0.9836729857026778
2025-03-01,18,Advisor 18,Retirement Specialists,West,2,3,443707.18999999994,-2478.1,-6874.29,434354.81000000006,-0.021077819361006726,0.9925238984745773
2025-03-01,19,Advisor 19,Relationship Growth,West,11,14,3209372.61,69983.68,15909.820000000002,3295266.09,0.026763324312162055,0.9998730406065253
2025-03-01,20,Advisor 20,Relationship Growth,Southeast,7,9,1644533.11,22686.8,12397.09,1679616.99,0.021333641619413722,0.9966476138628793
2025-03-01,21,Advisor 21,High Value,West,9,14,3122795.07,88017.19,53577.5,3264389.7800000003,0.04534229971100871,0.9998152264279064
2025-03-01,22,Advisor 22,Acquisition,Northeast,13,16,2708331.04,49233.35,-8611.900000000001,2748952.47,0.014998694546586951,0.9982446643597896
2025-03-01,23,Advisor 23,Retirement Specialists,Northeast,6,8,349124.67,1634.53,5743.94,356503.16000000003,0.021134255565497705,0.9962943609799904
2025-03-01,24,Advisor 24,Retirement Specialists,Southeast,14,20,13556928.06,101114.03,-90352.04000000001,13567690.05,0.0007938369188336774,0.9946983247471772
2025-04-01,1,Advisor 01,Acquisition,Midwest,5,7,2549415.43,-1754.9699999999993,51534.01,2599194.4899999998,0.019525676127252273,0.9925210462855009
2025-04-01,2,Advisor 02,Acquisition,West,6,8,1885516.1199999999,60260.96,25334.4,1971111.5,0.04539625999060678,0.9991037520273229
2025-04-01,3,Advisor 03,Acquisition,Southeast,7,11,7297612.79,94152.75,25295.26,7417060.78,0.016368090968553597,0.9988345065373083
2025-04-01,4,Advisor 04,Relationship Growth,West,4,6,7163805.42,33469.96,-56821.869999999995,7140453.48,-0.003259711651967158,0.9944784848720808
2025-04-01,5,Advisor 05,Relationship Growth,West,5,6,4493471.54,5651.010000000001,-65402.85,4433719.72,-0.013297473783488188,0.9957190382026988
2025-04-01,6,Advisor 06,Retirement Specialists,Northeast,9,13,4497215.51,162387.23,33776.31,4693379.04,0.043618885855883804,0.9998425892647516
2025-04-01,7,Advisor 07,Retirement Specialists,Midwest,4,4,613054.12,-7917.139999999999,12621.93,617758.9,0.007674330612116313,0.9842670007665881
2025-04-01,8,Advisor 08,Acquisition,West,10,14,6419583.62,104471.37,100754.68000000001,6624809.66,0.031968746284513704,0.9992313551326558
2025-04-01,9,Advisor 09,Retirement Specialists,Southeast,5,8,2083770.9000000001,15636.18,-7706.76,2091700.31,0.0038053175615418737,0.9989853155162115
2025-04-01,10,Advisor 10,Retirement Specialists,Northeast,10,14,6160587.350000001,126053.84,86596.42,6373237.59,0.03451785161361266,0.9994946894146384
2025-04-01,11,Advisor 11,High Value,Midwest,4,5,484143.33999999997,7150.94,-5194.57,486099.71,0.004040890038888181,0.9985432620017038
2025-04-01,12,Advisor 12,Retirement Specialists,Northeast,6,7,7310591.16,161096.47,236861.59000000003,7708549.2299999995,0.0544358262266713,0.9999969523668453
2025-04-01,13,Advisor 13,Relationship Growth,Southeast,5,5,2191959.12,46940.13,59639.68,2298538.94,0.0486230874597697,1.0
2025-04-01,14,Advisor 14,Relationship Growth,Midwest,4,5,2122577.29,34856.89,21160.31,2178594.46,0.02639110964953362,1.0
2025-04-01,15,Advisor 15,Acquisition,Midwest,6,10,1398606.56,14774.81,8227.19,1421608.57,0.016446376456292332,0.9973745797388509
2025-04-01,16,Advisor 16,Retirement Specialists,Southeast,7,10,1140570.57,13506.11,-2518.96,1151557.74,0.00963304708098853,0.9969551642911495
2025-04-01,17,Advisor 17,High Value,Southeast,5,6,1010376.1100000001,14866.19,12982.83,1038225.1499999999,0.027563042835602874,0.9941454276863296
2025-04-01,18,Advisor 18,Retirement Specialists,West,2,3,434354.81000000006,-2627.06,8270.79,439998.52999999997,0.012993340628597881,0.9849083057236088
2025-04-01,19,Advisor 19,Relationship Growth,West,11,14,3295266.09,14738.269999999999,15660.949999999999,3325665.35,0.009225130587254106,0.9924006410055948
2025-04-01,20,Advisor 20,Relationship Growth,Southeast,7,9,1679616.99,5527.5,16662.38,1701806.86,0.013211267885543426,0.9962243535057359
2025-04-01,21,Advisor 21,High Value,West,9,15,3282251.97,91610.08,26899.160000000003,3400761.21,0.03610607628030451,0.9984099026986036
2025-04-01,22,Advisor 22,Acquisition,Northeast,13,16,2748952.47,37258.54,-48198.22,2738012.78,-0.003979584994425316,0.9979982556773708
2025-04-01,23,Advisor 23,Retirement Specialists,Northeast,6,8,356503.16000000003,-1628.54,3695.6699999999996,358570.27999999997,0.0057983216754654765,0.9905447962929698
2025-04-01,24,Advisor 24,Retirement Specialists,Southeast,16,23,14229752.48,203966.69,168859.51,14602578.68,0.026200469792008584,0.996007246782412
2025-05-01,1,Advisor 01,Acquisition,Midwest,5,7,2599194.4899999998,61880.82,15573.199999999999,2676648.52,0.02979924368799361,0.997995167341248
2025-05-01,2,Advisor 02,Acquisition,West,6,8,1971111.5,-13177.859999999999,2520.070000000001,1960453.74,-0.005406979767506815,0.9882462813493808
2025-05-01,3,Advisor 03,Acquisition,Southeast,8,12,7450942.34,7257.360000000001,-133095.41,7325104.31,-0.016888874488324154,0.9953533957961082
2025-05-01,4,Advisor 04,Relationship Growth,West,5,7,7228890.93,181685.17,24838.989999999998,7435415.11,0.028569275978825793,0.9998402396700706
2025-05-01,5,Advisor 05,Relationship Growth,West,5,6,4433719.72,56440.54,-5050.109999999998,4485110.16,0.01159081837496043,0.9973240302163259
2025-05-01,6,Advisor 06,Retirement Specialists,Northeast,9,13,4693379.04,83183.84,13243.15,4789806.07,0.02054533187671121,0.9972671480631149
2025-05-01,7,Advisor 07,Retirement Specialists,Midwest,5,5,3047847.19,128458.77,-64808.939999999995,3111497.02,0.02088353714347473,0.9995284081155
2025-05-01,8,Advisor 08,Acquisition,West,11,16,7104308.069999999,120299.45,115062.81,7339670.36,0.03312951629925601,0.9978545623514888
2025-05-01,9,Advisor 09,Retirement Specialists,Southeast,5,8,2091700.31,22416.51,-5889.55,2108227.2600000002,0.007901203590680821,0.9944042748647869
2025-05-01,10,Advisor 10,Retirement Specialists,Northeast,10,14,6373237.59,189651.85,33092.25,6595981.66,0.03494990840283428,0.9992789787082141
2025-05-01,11,Advisor 11,High Value,Midwest,4,5,486099.71,1319.5900000000004,5251.94,492671.25,0.013518913640166497,0.9935542442516577
2025-05-01,12,Advisor 12,Retirement Specialists,Northeast,7,9,7850591.5,125490.42,-42713.579999999994,7933368.350000001,0.010544027160246532,1.0
2025-05-01,13,Advisor 13,Relationship Growth,Southeast,5,5,2298538.94,29544.929999999997,2524.6500000000005,2330608.53,0.013952163020566382,0.9963488632478856
2025-05-01,14,Advisor 14,Relationship Growth,Midwest,5,6,2264709.83,14693.800000000001,24234.16,2303637.8,0.017188943803895504,0.9941641177050925
2025-05-01,15,Advisor 15,Acquisition,Midwest,7,11,2774158.16,24952.56,22330.31,2821441.04,0.01704404625581978,0.9983656411284063
2025-05-01,16,Advisor 16,Retirement Specialists,Southeast,7,10,1151557.74,11384.83,-23112.61,1139829.96,-0.010184274389923365,0.9960039606871992
2025-05-01,17,Advisor 17,High Value,Southeast,5,6,1038225.1499999999,13414.35,7061.21,1058700.71,0.01972169524115271,0.9954145591637806
2025-05-01,18,Advisor 18,Retirement Specialists,West,2,3,439998.52999999997,6237.26,10599.15,456834.95,0.03826471874803773,0.9948914374782116
2025-05-01,19,Advisor 19,Relationship Growth,West,12,16,3907434.71,64120.29,34348.72,4005903.7,0.025200418511919353,0.9968617748190091
2025-05-01,20,Advisor 20,Relationship Growth,Southeast,7,9,1701806.86,46222.49,1517.8000000000004,1749547.15,0.028052707461762024,0.999735610420562
2025-05-01,21,Advisor 21,High Value,West,9,15,3400761.21,60709.369999999995,-22282.410000000003,3439188.14,0.011299508441523352,0.9951701636822657
2025-05-01,22,Advisor 22,Acquisition,Northeast,13,16,2738012.78,41717.13,55973.700000000004,2835703.58,0.03567945362183455,0.9969915772270428
2025-05-01,23,Advisor 23,Retirement Specialists,Northeast,7,9,422733.31,4597.8099999999995,2493.46,429824.57,0.01677478408313745,0.9978879355402582
2025-05-01,24,Advisor 24,Retirement Specialists,Southeast,16,23,14602578.68,221539.74,214635.61,15038754.040000001,0.02986974900518059,0.9990599941078352
2025-06-01,1,Advisor 01,Acquisition,Midwest,5,7,2676648.52,89751.23,-14221.13,2752178.62,0.028218161419266245,0.9996851884012026
2025-06-01,2,Advisor 02,Acquisition,West,6,8,1960453.74,11609.640000000001,-31538.68,1940524.71,-0.01016551913130071,0.9968994218654708
2025-06-01,3,Advisor 03,Acquisition,Southeast,8,12,7325104.31,74597.50000000001,120811.08,7520512.9,0.02667656073282604,0.9935531252523556
2025-06-01,4,Advisor 04,Relationship Growth,West,5,7,7435415.11,106053.87,-45197.939999999995,7496271.0200000005,0.008184601545400488,0.9958550155513779
2025-06-01,5,Advisor 05,Relationship Growth,West,5,6,4485110.16,106563.61,73500.41,4665174.17,0.040147065194938214,0.9959706474634282
2025-06-01,6,Advisor 06,Retirement Specialists,Northeast,10,14,4865166.01,102131.99,-58594.42999999999,4908703.57,0.008948833382152261,0.9987984705993619
2025-06-01,7,Advisor 07,Retirement Specialists,Midwest,5,5,3111497.02,123735.34000000001,56843.399999999994,3292075.77,0.05803597073668417,0.999476718123291
2025-06-01,8,Advisor 08,Acquisition,West,13,19,7419838.58,57813.619999999995,145804.15,7623456.350000001,0.027442344978885036,0.9935320142773241
2025-06-01,9,Advisor 09,Retirement Specialists,Southeast,6,9,2250493.86,10129.95,28792.649999999998,2289416.49,0.01729515049643386,0.9955630183323406
2025-06-01,10,Advisor 10,Retirement Specialists,Northeast,11,15,6628634.78,65090.56,89283.67,6783009.02,0.023288994660828077,0.9978148471773248
2025-06-01,11,Advisor 11,High Value,Midwest,5,7,1530422.03,23045.06,-2260.0299999999997,1551207.03,0.013581221122385438,0.9979150391607994
2025-06-01,12,Advisor 12,Retirement Specialists,Northeast,8,10,10561922.23,210207.51,-26636.430000000004,10745493.28,0.017380458405439222,0.9996791635152951
2025-06-01,13,Advisor 13,Relationship Growth,Southeast,5,5,2330608.53,51805.85,10221.2,2392635.59,0.026614104943656094,0.9999150436474202
2025-06-01,14,Advisor 14,Relationship Growth,Midwest,5,6,2303637.8,50079.87,44658.04,2398375.71,0.0411253496534916,0.9997469654300689
2025-06-01,15,Advisor 15,Acquisition,Midwest,7,11,2821441.04,81664.87000000001,21817.28,2924923.18,0.036677052092500974,0.9970099747326281
2025-06-01,16,Advisor 16,Retirement Specialists,Southeast,7,10,1139829.96,5252.91,14662.83,1159745.71,0.017472562310960837,0.9908845350932871
2025-06-01,17,Advisor 17,High Value,Southeast,5,6,1058700.71,6890.63,13883.76,1079475.08,0.01962251446870203,0.9965818007243993
2025-06-01,18,Advisor 18,Retirement Specialists,West,3,4,802578.87,2391.3500000000004,-11908.65,793061.56,-0.011858410874933624,0.9943662857707679
2025-06-01,19,Advisor 19,Relationship Growth,West,13,18,4151834.3400000003,30498.93,48294.24,4230627.5200000005,0.018977920010170773,0.9937161871444032
2025-06-01,20,Advisor 20,Relationship Growth,Southeast,8,10,1813000.38,31026.68,15454.310000000001,1859481.3699999999,0.02563760631975157,0.9977341813905191
2025-06-01,21,Advisor 21,High Value,West,11,17,3491664.94,71679.29,-53462.08,3509882.1999999997,0.005217356279322659,0.9990801837933511
2025-06-01,22,Advisor 22,Acquisition,Northeast,13,16,2835703.58,67607.16,-1850.3099999999977,2901460.43,0.02318890114741827,0.9988451508038086
2025-06-01,23,Advisor 23,Retirement Specialists,Northeast,7,9,429824.57,338.54000000000013,7104.57,437267.7,0.01731666944958499,0.9914661230278204
2025-06-01,24,Advisor 24,Retirement Specialists,Southeast,16,23,15038754.040000001,465946.75,232161.08,15736861.92,0.04642059296555919,0.9990014724650687
2025-07-01,1,Advisor 01,Acquisition,Midwest,5,7,2752178.62,59282.82,39656.02,2851117.45,0.035949276431774646,1.0
2025-07-01,2,Advisor 02,Acquisition,West,7,9,2291140.88,65642.34,-24872.21,2331911.0,0.0177946805261491,0.9978259739313804
2025-07-01,3,Advisor 03,Acquisition,Southeast,8,12,7520512.9,28702.22,-110841.92,7438373.19,-0.010922088837850402,0.9968385533917508
2025-07-01,4,Advisor 04,Relationship Growth,West,6,8,9211922.47,141808.91,226458.9,9580190.28,0.03997730237084796,0.995660717930467
2025-07-01,5,Advisor 05,Relationship Growth,West,6,7,4873265.12,101476.97,112068.44,5086810.53,0.04381978093570254,0.9992159117335279
2025-07-01,6,Advisor 06,Retirement Specialists,Northeast,10,14,4908703.57,44087.95,6599.31,4959390.81,0.010325993264245796,0.995816192665307
2025-07-01,7,Advisor 07,Retirement Specialists,Midwest,5,5,3292075.77,135430.09,34609.55,3462115.4,0.05165118966869948,0.9998292900773667
2025-07-01,8,Advisor 08,Acquisition,West,13,19,7623456.350000001,97621.26,90985.88,7812063.46,0.024740367274484282,0.9991732857498423
2025-07-01,9,Advisor 09,Retirement Specialists,Southeast,6,9,2289416.49,18488.36,16572.12,2324476.95,0.015314146706438705,0.9975610947049657
2025-07-01,10,Advisor 10,Retirement Specialists,Northeast,11,15,6783009.02,155445.49,53918.64,6992373.16,0.03086596809508601,0.9965911264555565
2025-07-01,11,Advisor 11,High Value,Midwest,5,7,1551207.03,16937.22,7036.220000000001,1575180.48,0.015454706906530686,0.9930855006504193
2025-07-01,12,Advisor 12,Retirement Specialists,Northeast,9,12,11466137.02,110367.64,-197995.13,11378509.549999999,-0.007642283521220356,0.9961099025833898
2025-07-01,13,Advisor 13,Relationship Growth,Southeast,5,5,2392635.59,80565.71,41120.3,2514321.6,0.05085856388184891,0.999268885739512
2025-07-01,14,Advisor 14,Relationship Growth,Midwest,5,6,2398375.71,-3980.7400000000002,-9445.61,2384949.34,-0.0055981095639098645,0.9912273544498164
2025-07-01,15,Advisor 15,Acquisition,Midwest,7,11,2924923.18,72294.86,7547.56,3004765.61,0.02729727418003494,0.9961846519333202
2025-07-01,16,Advisor 16,Retirement Specialists,Southeast,8,11,1229594.23,10063.21,14541.99,1254199.41,0.020010812835385486,0.9970855751331884
2025-07-01,17,Advisor 17,High Value,Southeast,6,7,1514921.07,-3242.4700000000003,14192.539999999999,1525871.17,0.007228165359136407,0.9917043070765397
2025-07-01,18,Advisor 18,Retirement Specialists,West,3,4,793061.56,12532.48,8239.69,813833.74,0.026192392933532087,0.9966962337703015
2025-07-01,19,Advisor 19,Relationship Growth,West,14,20,4278831.38,33345.93,11429.31,4323606.61,0.010464359546694838,0.9968544238356969
2025-07-01,20,Advisor 20,Relationship Growth,Southeast,9,11,4349695.87,115989.76000000001,77010.1,4542695.71,0.04437088149797467,0.9957337270111255
2025-07-01,21,Advisor 21,High Value,West,11,18,3529399.11,103648.16,51881.08,3684928.35,0.04406677600142542,0.9993424829758061
2025-07-01,22,Advisor 22,Acquisition,Northeast,14,17,2924202.15,51955.729999999996,69522.92,3045680.81,0.04154249732700598,0.9973346404933051
2025-07-01,23,Advisor 23,Retirement Specialists,Northeast,7,9,437267.7,3888.86,1066.78,442223.31,0.011333126137604004,0.9956434239254351
2025-07-01,24,Advisor 24,Retirement Specialists,Southeast,17,25,15975266.8,178772.86,27470.640000000014,16181510.29,0.012910174996263495,0.9976666374047662
2025-08-01,1,Advisor 01,Acquisition,Midwest,5,7,2851117.45,71355.90000000001,74332.42000000001,2996805.77,0.05109867360953504,0.9958230342282112
2025-08-01,2,Advisor 02,Acquisition,West,7,9,2331911.0,43245.829999999994,13415.689999999999,2388572.53,0.02429832442147226,0.9955830732819563
2025-08-01,3,Advisor 03,Acquisition,Southeast,11,16,8234267.3,107561.57,15090.580000000002,8356919.47,0.01489533501056007,0.9973093088683191
2025-08-01,4,Advisor 04,Relationship Growth,West,6,8,9580190.28,267286.18,143987.81,9991464.29,0.04292962853343241,0.9996776358391913
2025-08-01,5,Advisor 05,Relationship Growth,West,7,8,5307674.13,75524.96,65494.35,5448693.430000001,0.026568944616047998,0.9957864331056813
2025-08-01,6,Advisor 06,Retirement Specialists,Northeast,10,14,4959390.81,88155.56,18846.000000000004,5066392.37,0.021575545081917134,0.9964152693987832
2025-08-01,7,Advisor 07,Retirement Specialists,Midwest,6,6,3743499.0799999996,156566.33,-23807.870000000003,3876257.5300000003,0.03546373250344185,0.9991569678708189
2025-08-01,8,Advisor 08,Acquisition,West,14,20,7907413.49,70547.23000000001,-2631.110000000002,7975329.63,0.008588919763192966,0.9957094744010915
2025-08-01,9,Advisor 09,Retirement Specialists,Southeast,7,11,2484987.06,29361.93,21012.269999999997,2535361.27,0.020271417429433197,0.9983045344308553
2025-08-01,10,Advisor 10,Retirement Specialists,Northeast,12,16,7817841.7299999995,36384.93,-12566.490000000007,7841660.18,0.0030466784596827837,0.9967636681741829
2025-08-01,11,Advisor 11,High Value,Midwest,5,7,1575180.48,-5225.290000000001,-2685.3100000000004,1567269.88,-0.005022027698057872,0.9885043204699947
2025-08-01,12,Advisor 12,Retirement Specialists,Northeast,9,12,11378509.549999999,128983.78000000001,-20026.92,11487466.42,0.00957567153423895,0.9964215190204766
2025-08-01,13,Advisor 13,Relationship Growth,Southeast,5,5,2514321.6,12569.399999999998,33507.57,2560398.56,0.018325802077188518,0.9969642904869449
2025-08-01,14,Advisor 14,Relationship Growth,Midwest,6,7,4324892.78,94134.19,86135.98,4505162.97,0.04168200211428119,0.9976310094790373
2025-08-01,15,Advisor 15,Acquisition,Midwest,7,11,3004765.61,45945.15,-2701.67,3048009.09,0.014391631698686801,0.9999164061252684
2025-08-01,16,Advisor 16,Retirement Specialists,Southeast,8,11,1254199.41,33021.37,27879.61,1315100.38,0.04855764523123159,0.9988498559411697
2025-08-01,17,Advisor 17,High Value,Southeast,7,8,1613484.12,33434.07,-16455.37,1630462.81,0.010522997896006527,0.9969924277903646
2025-08-01,18,Advisor 18,Retirement Specialists,West,3,4,813833.74,10556.660000000002,11428.82,835819.21,0.02701469467215745,0.9955461910438856
2025-08-01,19,Advisor 19,Relationship Growth,West,15,21,4460632.96,4548.47,7497.5999999999985,4472679.03,0.002700529298873382,0.9911927431931096
2025-08-01,20,Advisor 20,Relationship Growth,Southeast,9,11,4542695.71,-10995.57,32881.58,4564581.74,0.004817850764650988,0.9916419957611469
2025-08-01,21,Advisor 21,High Value,West,13,22,3852138.82,31322.26,87102.45,3970563.52,0.030742583674593583,0.9967990587628927
2025-08-01,22,Advisor 22,Acquisition,Northeast,14,17,3045680.81,-6871.320000000002,51036.34,3089845.81,0.01450086294499127,0.9913258572883742
2025-08-01,23,Advisor 23,Retirement Specialists,Northeast,7,9,442223.31,6198.62,-533.9099999999999,447888.02,0.01280961421956708,0.9962092228923889
2025-08-01,24,Advisor 24,Retirement Specialists,Southeast,17,25,16181510.29,205494.29,-329.94000000000773,16386674.620000001,0.01267893579295817,0.9979250404073376
2025-09-01,1,Advisor 01,Acquisition,Midwest,5,7,2996805.77,64602.93,52642.15,3114050.86,0.0391233529959467,0.9999023326760346
2025-09-01,2,Advisor 02,Acquisition,West,8,11,2834236.45,60786.99,36300.97,2931324.4299999997,0.034255427065726825,0.9961886136917052
2025-09-01,3,Advisor 03,Acquisition,Southeast,11,16,8356919.47,126156.63999999998,-18573.969999999998,8464502.16,0.012873486502556954,0.9949683767863328
2025-09-01,4,Advisor 04,Relationship Growth,West,7,9,10140259.03,174575.97,13525.370000000003,10328360.37,0.018549954142542242,0.999273978112569
2025-09-01,5,Advisor 05,Relationship Growth,West,7,8,5448693.430000001,42327.200000000004,-125013.78,5366006.84,-0.015175489511804075,0.9986518254156942
2025-09-01,6,Advisor 06,Retirement Specialists,Northeast,11,16,7429634.1899999995,156125.26,45996.15,7631755.61,0.02720476066938107,0.9997695135512452
2025-09-01,7,Advisor 07,Retirement Specialists,Midwest,6,6,3876257.5300000003,56651.920000000006,-54719.72,3878189.74,0.0004984730722986722,0.9987205132884966
2025-09-01,8,Advisor 08,Acquisition,West,14,20,7975329.63,175207.95,-16601.74,8133935.84,0.019887104026821267,0.9958363401212798
2025-09-01,9,Advisor 09,Retirement Specialists,Southeast,7,11,2535361.27,20495.8,-11469.17,2544387.9,0.00356029340150009,0.9967003242894847
2025-09-01,10,Advisor 10,Retirement Specialists,Northeast,12,16,7841660.18,15917.500000000004,86171.40000000001,7943749.09,0.013018787814903777,0.9939000034556458
2025-09-01,11,Advisor 11,High Value,Midwest,6,8,1734932.8699999999,-23389.28,4521.370000000001,1716064.95,-0.010875302627703358,0.9855769981463317
2025-09-01,12,Advisor 12,Retirement Specialists,Northeast,10,13,11570005.57,135872.05000000002,66389.98000000001,11772267.6,0.017481584496765228,0.9975075024963882
2025-09-01,13,Advisor 13,Relationship Growth,Southeast,6,7,2684688.26,39830.91,46682.96,2771202.13,0.032224922084622264,0.9952457161637084
2025-09-01,14,Advisor 14,Relationship Growth,Midwest,7,8,4581214.19,128207.42,3237.699999999999,4712659.29,0.02869219699155774,1.0
2025-09-01,15,Advisor 15,Acquisition,Midwest,7,11,3048009.09,12801.869999999999,-32640.890000000003,3028170.07,-0.006508845418174268,0.9964264935968417
2025-09-01,16,Advisor 16,Retirement Specialists,Southeast,8,11,1315100.38,11238.339999999998,1485.0900000000008,1327823.8,0.009674866035701517,0.9944156658216462
2025-09-01,17,Advisor 17,High Value,Southeast,8,11,2447831.34,33795.23,29636.010000000002,2511262.58,0.025913239594358747,0.9957068896748418
2025-09-01,18,Advisor 18,Retirement Specialists,West,3,4,835819.21,3554.3700000000003,12821.83,852195.42,0.01959300504710831,0.9931783333862355
2025-09-01,19,Advisor 19,Relationship Growth,West,16,22,4741315.6,37626.91,47396.76,4826339.22,0.017932495360570413,0.9945049323440945
2025-09-01,20,Advisor 20,Relationship Growth,Southeast,9,11,4564581.74,121307.68,17933.64,4703823.08,0.0305047314148875,0.9988820859630394
2025-09-01,21,Advisor 21,High Value,West,13,22,3970563.52,-7444.130000000001,13870.639999999998,3976990.05,0.001618543556255661,0.992594366051094
2025-09-01,22,Advisor 22,Acquisition,Northeast,17,20,6235426.61,110044.61,144239.27,6489710.54,0.04078051846399643,0.9951834714962671
2025-09-01,23,Advisor 23,Retirement Specialists,Northeast,8,10,485751.81,546.0000000000001,-1526.9799999999998,484770.83,-0.002019508686956784,0.9935398079113694
2025-09-01,24,Advisor 24,Retirement Specialists,Southeast,19,29,17072281.78,329018.71,-130230.47,17271069.99,0.011643915708612276,0.998481293225234
2025-10-01,1,Advisor 01,Acquisition,Midwest,6,8,3176119.95,102976.95999999999,75450.81,3354547.72,0.056177906631013734,0.9999081017075567
2025-10-01,2,Advisor 02,Acquisition,West,8,11,2931324.4299999997,-24065.820000000003,-43780.6,2863477.9899999998,-0.02314531933266764,0.9872031223783715
2025-10-01,3,Advisor 03,Acquisition,Southeast,13,18,8723336.34,227658.39,-17219.710000000006,8933775.0,0.024123643958912186,0.9980203537583648
2025-10-01,4,Advisor 04,Relationship Growth,West,7,9,10328360.37,209224.77,-19287.530000000006,10518297.639999999,0.018389876340071932,0.9998525090192995
2025-10-01,5,Advisor 05,Relationship Growth,West,7,8,5366006.84,141588.73,56159.62,5563755.23,0.03685205701303217,0.9990930686178552
2025-10-01,6,Advisor 06,Retirement Specialists,Northeast,11,16,7631755.61,99764.51,20864.589999999997,7752384.72,0.01580620713822876,0.9972176572357511
2025-10-01,7,Advisor 07,Retirement Specialists,Midwest,7,7,3964257.33,2624.72,-35657.159999999996,3931224.88,-0.008332569571108086,0.9976527431936413
2025-10-01,8,Advisor 08,Acquisition,West,15,21,8188673.0200000005,50997.68,-160204.04,8079466.66,-0.01333627069163403,0.9946194591123142
2025-10-01,9,Advisor 09,Retirement Specialists,Southeast,7,11,2544387.9,56977.69,1321.7699999999993,2602687.34,0.022912952855969778,0.9988543649339002
2025-10-01,10,Advisor 10,Retirement Specialists,Northeast,13,17,8258683.0,17881.199999999997,47531.48,8324095.7,0.007920475940292198,0.9927278562453602
2025-10-01,11,Advisor 11,High Value,Midwest,6,8,1716064.95,19988.260000000002,48047.17,1784100.3800000001,0.0396461858859131,0.9988766334281228
2025-10-01,12,Advisor 12,Retirement Specialists,Northeast,12,15,12126381.95,87124.26000000001,-77422.24,12136083.969999999,0.0008000754091371461,0.9997797644828431
2025-10-01,13,Advisor 13,Relationship Growth,Southeast,6,7,2771202.13,26388.18,61693.98,2859284.33,0.03178483411457258,0.9990475144445706
2025-10-01,14,Advisor 14,Relationship Growth,Midwest,10,11,5896628.56,99276.52,-11250.78,5984654.27,0.014928142260329175,0.9991192238162615
2025-10-01,15,Advisor 15,Acquisition,Midwest,7,11,3028170.07,85157.87999999999,35000.78999999999,3148328.72,0.03968028453567021,0.9987629327569438
2025-10-01,16,Advisor 16,Retirement Specialists,Southeast,8,11,1327823.8,17108.95,19529.010000000002,1364461.75,0.027592478761112697,0.9978584507974627
2025-10-01,17,Advisor 17,High Value,Southeast,9,13,2734910.1,20467.45,4244.719999999998,2759622.27,0.00903582534577642,0.9949196026589686
2025-10-01,18,Advisor 18,Retirement Specialists,West,3,4,852195.42,19421.61,4493.49,876110.52,0.0280629295097596,0.99718216040166
2025-10-01,19,Advisor 19,Relationship Growth,West,16,22,4826339.22,49071.79,-17198.67,4858212.35,0.006603997055971522,0.9977642744307558
2025-10-01,20,Advisor 20,Relationship Growth,Southeast,10,13,5483440.29,2464.670000000001,26666.399999999998,5512571.34,0.0053125498700378505,0.9944090300288471
2025-10-01,21,Advisor 21,High Value,West,13,22,3976990.05,30572.06,11007.819999999998,4018569.9499999997,0.010455117935233434,0.9934577281630362
2025-10-01,22,Advisor 22,Acquisition,Northeast,20,24,7233924.53,179501.76,58994.85,7472421.19,0.03296919383260419,0.9962162696214913
2025-10-01,23,Advisor 23,Retirement Specialists,Northeast,8,10,484770.83,5060.49,-3638.14,486193.19,0.0029340874326122014,0.9953162198311314
2025-10-01,24,Advisor 24,Retirement Specialists,Southeast,20,30,17447358.93,394060.6,112710.14,17954129.68,0.02904569981240135,0.9978219018619112
2025-11-01,1,Advisor 01,Acquisition,Midwest,7,9,3492247.48,34956.13,90860.71,3618064.31,0.03602746675902822,0.9992444521715282
2025-11-01,2,Advisor 02,Acquisition,West,8,11,2863477.9899999998,35513.840000000004,69786.83,2968778.67,0.03677369980413231,0.9956498844958819
2025-11-01,3,Advisor 03,Acquisition,Southeast,13,18,8933775.0,93910.02,130479.79000000001,9158164.78,0.02511701716239768,0.9980785345500642
2025-11-01,4,Advisor 04,Relationship Growth,West,7,9,10518297.639999999,-27053.41,67331.37,10558575.6,0.003829323088065884,0.990825946051095
2025-11-01,5,Advisor 05,Relationship Growth,West,7,8,5563755.23,173785.53,-143837.22999999998,5593703.5200000005,0.005382747580000933,0.9985282709857817
2025-11-01,6,Advisor 06,Retirement Specialists,Northeast,11,16,7752384.72,130816.06,47982.49999999999,7931183.27,0.023063683815733003,0.9992575484566509
2025-11-01,7,Advisor 07,Retirement Specialists,Midwest,7,7,3931224.88,15745.48,-1138.27,3945832.1,0.0037156917871358722,0.9988860291299336
2025-11-01,8,Advisor 08,Acquisition,West,16,22,8156641.45,34104.020000000004,-33502.979999999996,8157242.470000001,7.368473944634214e-05,0.9933449471412036
2025-11-01,9,Advisor 09,Retirement Specialists,Southeast,7,11,2602687.34,15123.779999999999,44552.18,2662363.3,0.022928593489834996,0.9949685274144378
2025-11-01,10,Advisor 10,Retirement Specialists,Northeast,13,17,8324095.7,14806.220000000001,114728.02,8453629.94,0.015561358815228337,0.9950747082352741
2025-11-01,11,Advisor 11,High Value,Midwest,6,8,1784100.3800000001,18482.43,45495.92,1848078.72,0.035860280462470306,0.9968962228459365
2025-11-01,12,Advisor 12,Retirement Specialists,Northeast,13,16,13157457.49,365313.83,48537.07,13571308.41,0.031453715150859284,0.9991600010861977
2025-11-01,13,Advisor 13,Relationship Growth,Southeast,8,10,5541543.2,72947.99,31020.850000000002,5645512.01,0.018761707027746276,0.998731236093224
2025-11-01,14,Advisor 14,Relationship Growth,Midwest,11,12,6345232.149999999,167712.2,-5398.08,6507546.279999999,0.025580487232448997,0.9986954173142428
2025-11-01,15,Advisor 15,Acquisition,Midwest,7,11,3148328.72,103948.17,-32147.120000000003,3220129.77,0.022806084238878272,0.9993637195546722
2025-11-01,16,Advisor 16,Retirement Specialists,Southeast,8,11,1364461.75,-2696.1500000000005,5501.54,1367267.15,0.002056048841237145,0.9899552112765345
2025-11-01,17,Advisor 17,High Value,Southeast,11,16,5958786.99,184610.27,34593.130000000005,6177990.38,0.036786579276598654,0.9989526106554113
2025-11-01,18,Advisor 18,Retirement Specialists,West,3,4,876110.52,837.4100000000005,3189.1400000000003,880137.06,0.004595927007017376,0.99268153976738
2025-11-01,19,Advisor 19,Relationship Growth,West,19,26,5868156.05,44943.27,-56294.840000000004,5856804.5,-0.0019344321969760525,0.9947078145612709
2025-11-01,20,Advisor 20,Relationship Growth,Southeast,11,14,5588762.95,120104.3,-75249.12999999999,5633618.11,0.008025955010312282,0.9965610064030359
2025-11-01,21,Advisor 21,High Value,West,13,22,4018569.9499999997,53737.759999999995,21987.58,4094295.26,0.01884384518428006,0.996482076913953
2025-11-01,22,Advisor 22,Acquisition,Northeast,20,25,7762408.46,162394.56,59141.75,7983944.7299999995,0.028539630598104285,0.996809963025316
2025-11-01,23,Advisor 23,Retirement Specialists,Northeast,9,11,546707.98,7172.66,-986.23,552894.38,0.011315730200243325,0.9991523262565145
2025-11-01,24,Advisor 24,Retirement Specialists,Southeast,21,32,18170716.54,345238.37,7930.939999999993,18523885.85,0.01943617959272851,0.9983436239328403
2025-12-01,1,Advisor 01,Acquisition,Midwest,7,9,3618064.31,113295.48,19723.14,3751082.95,0.03676513975507531,0.9998570312864339
2025-12-01,2,Advisor 02,Acquisition,West,9,12,3015115.09,41012.59,26628.54,3082756.23,0.02243401594331848,0.9987037609234346
2025-12-01,3,Advisor 03,Acquisition,Southeast,13,18,9158164.78,59892.08,-169613.42,9048443.459999999,-0.011980710397307385,0.9983202846455008
2025-12-01,4,Advisor 04,Relationship Growth,West,7,9,10558575.6,226839.96,106340.16,10891755.72,0.031555404120987784,0.9986368862102952
2025-12-01,5,Advisor 05,Relationship Growth,West,7,8,5593703.5200000005,88775.41,21837.61,5704316.55,0.019774560736819193,0.9963459396932786
2025-12-01,6,Advisor 06,Retirement Specialists,Northeast,11,16,7931183.27,123363.90999999999,-24311.65,8030235.5200000005,0.012488962444566098,0.9960031827634214
2025-12-01,7,Advisor 07,Retirement Specialists,Midwest,7,7,3945832.1,54400.82,101571.90999999999,4101804.8099999996,0.0395284710669771,0.9991033095402108
2025-12-01,8,Advisor 08,Acquisition,West,17,23,8329939.45,80411.04,-78442.29,8331908.18,0.0002363438548163175,0.9978910386917639
2025-12-01,9,Advisor 09,Retirement Specialists,Southeast,9,13,2875191.97,37178.04,19844.69,2932214.71,0.019832672251098336,0.9971772354386479
2025-12-01,10,Advisor 10,Retirement Specialists,Northeast,13,17,8453629.94,164252.97,-70959.36,8546923.540000001,0.01103592192491945,0.9967515564089147
2025-12-01,11,Advisor 11,High Value,Midwest,6,8,1848078.72,30603.91,-27737.21,1850945.44,0.0015511893346188046,0.9979165606105783
2025-12-01,12,Advisor 12,Retirement Specialists,Northeast,14,18,13625393.62,314477.95,303423.05,14243294.64,0.0453492234597184,0.9986939694737421
2025-12-01,13,Advisor 13,Relationship Growth,Southeast,11,14,8406256.43,82611.05,130229.29999999999,8619096.81,0.025319282343139373,0.9978217759412319
2025-12-01,14,Advisor 14,Relationship Growth,Midwest,11,12,6507546.279999999,96567.77,69656.76,6673770.8,0.025543348114306533,0.9985200781391907
2025-12-01,15,Advisor 15,Acquisition,Midwest,7,11,3220129.77,60355.159999999996,11425.03,3291909.95,0.022291083008123665,0.999308624136598
2025-12-01,16,Advisor 16,Retirement Specialists,Southeast,8,11,1367267.15,1833.7699999999995,-1780.2200000000003,1367320.7,3.916571827242874e-05,0.9919709473017032
2025-12-01,17,Advisor 17,High Value,Southeast,12,17,6719794.49,114486.37,3819.159999999995,6838100.0,0.017605525016584217,0.9978481068101831
2025-12-01,18,Advisor 18,Retirement Specialists,West,3,4,880137.06,6370.82,-5702.879999999999,880805.01,0.0007589158897592079,0.9898710662178002
2025-12-01,19,Advisor 19,Relationship Growth,West,22,30,6087582.6,60949.68,-8459.15,6140073.05,0.008622544193486622,0.996755329447193
2025-12-01,20,Advisor 20,Relationship Growth,Southeast,11,15,5719742.58,126762.34,90294.09,5936799.0,0.037948634394661854,0.9992027770592431
2025-12-01,21,Advisor 21,High Value,West,15,24,4347512.18,76847.46,-13985.08,4410374.58,0.014459395948144388,0.9959535708534806
2025-12-01,22,Advisor 22,Acquisition,Northeast,20,25,7983944.7299999995,163242.9,115615.70999999999,8262803.32,0.0349274198946015,0.998724571581547
2025-12-01,23,Advisor 23,Retirement Specialists,Northeast,9,11,552894.38,5306.9800000000005,-3637.17,554564.18,0.003020106661239795,0.9963185554535751
2025-12-01,24,Advisor 24,Retirement Specialists,Southeast,21,32,18523885.85,227091.48,-141562.01,18609415.33,0.004617253674125654,0.9992246011384269
